/*
 Navicat Premium Data Transfer

 Source Server         : localhost_3306
 Source Server Type    : MySQL
 Source Server Version : 80032 (8.0.32)
 Source Host           : localhost:3306
 Source Schema         : ruiji

 Target Server Type    : MySQL
 Target Server Version : 80032 (8.0.32)
 File Encoding         : 65001

 Date: 21/08/2024 15:18:50
*/

SET NAMES utf8mb4;
SET FOREIGN_KEY_CHECKS = 0;

-- ----------------------------
-- Table structure for address_book
-- ----------------------------
DROP TABLE IF EXISTS `address_book`;
CREATE TABLE `address_book`  (
  `id` bigint NOT NULL COMMENT '主键',
  `user_id` bigint NOT NULL COMMENT '用户id',
  `consignee` varchar(50) CHARACTER SET utf8mb3 COLLATE utf8mb3_bin NOT NULL COMMENT '收货人',
  `sex` tinyint NOT NULL COMMENT '性别 0 女 1 男',
  `phone` varchar(11) CHARACTER SET utf8mb3 COLLATE utf8mb3_bin NOT NULL COMMENT '手机号',
  `province_code` varchar(12) CHARACTER SET utf8mb4 COLLATE utf8mb4_0900_ai_ci NULL DEFAULT NULL COMMENT '省级区划编号',
  `province_name` varchar(32) CHARACTER SET utf8mb4 COLLATE utf8mb4_0900_ai_ci NULL DEFAULT NULL COMMENT '省级名称',
  `city_code` varchar(12) CHARACTER SET utf8mb4 COLLATE utf8mb4_0900_ai_ci NULL DEFAULT NULL COMMENT '市级区划编号',
  `city_name` varchar(32) CHARACTER SET utf8mb4 COLLATE utf8mb4_0900_ai_ci NULL DEFAULT NULL COMMENT '市级名称',
  `district_code` varchar(12) CHARACTER SET utf8mb4 COLLATE utf8mb4_0900_ai_ci NULL DEFAULT NULL COMMENT '区级区划编号',
  `district_name` varchar(32) CHARACTER SET utf8mb4 COLLATE utf8mb4_0900_ai_ci NULL DEFAULT NULL COMMENT '区级名称',
  `detail` varchar(200) CHARACTER SET utf8mb4 COLLATE utf8mb4_0900_ai_ci NULL DEFAULT NULL COMMENT '详细地址',
  `label` varchar(100) CHARACTER SET utf8mb4 COLLATE utf8mb4_0900_ai_ci NULL DEFAULT NULL COMMENT '标签',
  `is_default` tinyint(1) NOT NULL DEFAULT 0 COMMENT '默认 0 否 1是',
  `create_time` datetime NOT NULL COMMENT '创建时间',
  `update_time` datetime NOT NULL COMMENT '更新时间',
  `create_user` bigint NOT NULL COMMENT '创建人',
  `update_user` bigint NOT NULL COMMENT '修改人',
  `is_deleted` int NOT NULL DEFAULT 0 COMMENT '是否删除',
  PRIMARY KEY (`id`) USING BTREE
) ENGINE = InnoDB CHARACTER SET = utf8mb3 COLLATE = utf8mb3_bin COMMENT = '地址管理' ROW_FORMAT = Dynamic;

-- ----------------------------
-- Records of address_book
-- ----------------------------
INSERT INTO `address_book` VALUES (1823601787621797890, 1823578824453267457, '屈', 1, '13627635427', NULL, NULL, NULL, NULL, NULL, NULL, '陕西省', '家', 0, '2024-08-14 14:05:22', '2024-08-21 14:23:24', 1823578824453267457, 1823578824453267457, 0);
INSERT INTO `address_book` VALUES (1825833978187644929, 1823578824453267457, '门广义', 1, '13675289467', NULL, NULL, NULL, NULL, NULL, NULL, '沈阳理工大学', '学校', 1, '2024-08-20 17:55:17', '2024-08-21 14:27:24', 1823578824453267457, 1823578824453267457, 0);

-- ----------------------------
-- Table structure for category
-- ----------------------------
DROP TABLE IF EXISTS `category`;
CREATE TABLE `category`  (
  `id` bigint NOT NULL COMMENT '主键',
  `type` int NULL DEFAULT NULL COMMENT '类型   1 菜品分类 2 套餐分类',
  `name` varchar(64) CHARACTER SET utf8mb3 COLLATE utf8mb3_bin NOT NULL COMMENT '分类名称',
  `sort` int NOT NULL DEFAULT 0 COMMENT '顺序',
  `create_time` datetime NOT NULL COMMENT '创建时间',
  `update_time` datetime NOT NULL COMMENT '更新时间',
  `create_user` bigint NOT NULL COMMENT '创建人',
  `update_user` bigint NOT NULL COMMENT '修改人',
  PRIMARY KEY (`id`) USING BTREE,
  UNIQUE INDEX `idx_category_name`(`name` ASC) USING BTREE
) ENGINE = InnoDB CHARACTER SET = utf8mb3 COLLATE = utf8mb3_bin COMMENT = '菜品及套餐分类' ROW_FORMAT = Dynamic;

-- ----------------------------
-- Records of category
-- ----------------------------
INSERT INTO `category` VALUES (1397844263642378242, 1, '湘菜', 1, '2021-05-27 09:16:58', '2021-07-15 20:25:23', 1, 1);
INSERT INTO `category` VALUES (1397844303408574465, 1, '川菜', 2, '2021-05-27 09:17:07', '2021-06-02 14:27:22', 1, 1);
INSERT INTO `category` VALUES (1397844391040167938, 1, '粤菜', 3, '2021-05-27 09:17:28', '2021-07-09 14:37:13', 1, 1);
INSERT INTO `category` VALUES (1413341197421846529, 1, '饮品', 11, '2021-07-09 11:36:15', '2021-07-09 14:39:15', 1, 1);
INSERT INTO `category` VALUES (1413342269393674242, 2, '商务套餐', 5, '2021-07-09 11:40:30', '2021-07-09 14:43:45', 1, 1);
INSERT INTO `category` VALUES (1413384954989060097, 1, '主食', 12, '2021-07-09 14:30:07', '2021-07-09 14:39:19', 1, 1);
INSERT INTO `category` VALUES (1413386191767674881, 2, '儿童套餐', 6, '2021-07-09 14:35:02', '2021-07-09 14:39:05', 1, 1);
INSERT INTO `category` VALUES (1824735101602660354, 1, '辽菜', 1, '2024-08-17 17:08:45', '2024-08-17 17:08:45', 1, 1);
INSERT INTO `category` VALUES (1824735202140127234, 2, '豪华套餐', 1, '2024-08-17 17:09:09', '2024-08-17 17:09:09', 1, 1);

-- ----------------------------
-- Table structure for dish
-- ----------------------------
DROP TABLE IF EXISTS `dish`;
CREATE TABLE `dish`  (
  `id` bigint NOT NULL COMMENT '主键',
  `name` varchar(64) CHARACTER SET utf8mb3 COLLATE utf8mb3_bin NOT NULL COMMENT '菜品名称',
  `category_id` bigint NOT NULL COMMENT '菜品分类id',
  `price` decimal(10, 2) NULL DEFAULT NULL COMMENT '菜品价格',
  `code` varchar(64) CHARACTER SET utf8mb3 COLLATE utf8mb3_bin NOT NULL COMMENT '商品码',
  `image` varchar(200) CHARACTER SET utf8mb3 COLLATE utf8mb3_bin NOT NULL COMMENT '图片',
  `description` varchar(400) CHARACTER SET utf8mb3 COLLATE utf8mb3_bin NULL DEFAULT NULL COMMENT '描述信息',
  `status` int NOT NULL DEFAULT 1 COMMENT '0 停售 1 起售',
  `sort` int NOT NULL DEFAULT 0 COMMENT '顺序',
  `create_time` datetime NOT NULL COMMENT '创建时间',
  `update_time` datetime NOT NULL COMMENT '更新时间',
  `create_user` bigint NOT NULL COMMENT '创建人',
  `update_user` bigint NOT NULL COMMENT '修改人',
  `is_deleted` int NOT NULL DEFAULT 0 COMMENT '是否删除',
  PRIMARY KEY (`id`) USING BTREE,
  UNIQUE INDEX `idx_dish_name`(`name` ASC) USING BTREE
) ENGINE = InnoDB CHARACTER SET = utf8mb3 COLLATE = utf8mb3_bin COMMENT = '菜品管理' ROW_FORMAT = Dynamic;

-- ----------------------------
-- Records of dish
-- ----------------------------
INSERT INTO `dish` VALUES (1397849739276890114, '辣子鸡', 1397844263642378242, 7800.00, '222222222', '6cff5a21-4262-4f35-9657-800282d18ee6.jpg', '来自鲜嫩美味的小鸡，值得一尝', 1, 0, '2021-05-27 09:38:43', '2024-08-18 18:55:24', 1, 1, 0);
INSERT INTO `dish` VALUES (1397850140982161409, '毛氏红烧肉', 1397844263642378242, 6800.00, '123412341234', '56485b9d-4469-41a6-8fc6-1fae359799ab.jpg', '毛氏红烧肉毛氏红烧肉，确定不来一份？', 1, 0, '2021-05-27 09:40:19', '2024-08-18 12:03:51', 1, 1, 0);
INSERT INTO `dish` VALUES (1397850392090947585, '组庵鱼翅', 1397844263642378242, 4800.00, '123412341234', 'a58c4c01-41eb-4d2e-a00e-1fbd60de79a8.jpg', '组庵鱼翅，看图足以表明好吃程度', 1, 0, '2021-05-27 09:41:19', '2024-08-18 12:04:23', 1, 1, 0);
INSERT INTO `dish` VALUES (1397850851245600769, '霸王别姬', 1397844263642378242, 12800.00, '123412341234', 'c6ca294f-cde3-4ea1-8d67-0ce25c63815d.jpg', '还有什么比霸王别姬更美味的呢？', 1, 0, '2021-05-27 09:43:08', '2024-08-18 12:04:34', 1, 1, 0);
INSERT INTO `dish` VALUES (1397851370462687234, '邵阳猪血丸子', 1397844263642378242, 13800.00, '1246812345678', '635e25e6-a6e9-45e2-b5b8-8f1fa4793c4d.jpg', '看，美味不？来嘛来嘛，这才是最爱吖', 1, 0, '2021-05-27 09:45:12', '2024-08-18 12:05:34', 1, 1, 0);
INSERT INTO `dish` VALUES (1397851668262465537, '口味蛇', 1397844263642378242, 16800.00, '1234567812345678', 'fab683ce-7b83-4fee-8dc2-cfc859e80673.jpeg', '爬行界的扛把子，东兴-口味蛇，让你欲罢不能', 1, 0, '2021-05-27 09:46:23', '2024-08-18 12:05:34', 1, 1, 0);
INSERT INTO `dish` VALUES (1397852391150759938, '辣子鸡丁', 1397844303408574465, 8800.00, '2346812468', 'c2f66e26-eacd-40b4-b915-62b32acfa7fa.jpg', '辣子鸡丁，辣子鸡丁，永远的魂', 1, 0, '2021-05-27 09:49:16', '2024-08-18 12:04:54', 1, 1, 0);
INSERT INTO `dish` VALUES (1397853183287013378, '麻辣兔头', 1397844303408574465, 19800.00, '123456787654321', '11d59b76-c1a0-49af-adf7-2e741f08ae5f.jpg', '麻辣兔头的详细制作，麻辣鲜香，色泽红润，回味悠长', 1, 0, '2021-05-27 09:52:24', '2024-08-18 12:04:13', 1, 1, 0);
INSERT INTO `dish` VALUES (1397853709101740034, '蒜泥白肉', 1397844303408574465, 9800.00, '1234321234321', 'e54bc74a-375c-4dd0-9691-c05d9d2ba0d9.jpg', '多么的有食欲啊', 1, 0, '2021-05-27 09:54:30', '2024-08-18 12:04:03', 1, 1, 0);
INSERT INTO `dish` VALUES (1397853890262118402, '鱼香肉丝', 1397844303408574465, 3800.00, '1234212321234', '5b64bd8e-37b3-4ea4-829b-03a100234e3e.jpg', '鱼香肉丝简直就是我们童年回忆的一道经典菜，上学的时候点个鱼香肉丝盖饭坐在宿舍床上看着肥皂剧，绝了！现在完美复刻一下上学的时候感觉', 1, 0, '2021-05-27 09:55:13', '2024-08-18 12:02:58', 1, 1, 0);
INSERT INTO `dish` VALUES (1397854652581064706, '麻辣水煮鱼', 1397844303408574465, 14800.00, '2345312·345321', '6a1a043f-729a-4451-8f66-fbef980d4f5c.jpg', '鱼片是买的切好的鱼片，放几个虾，增加味道', 1, 0, '2021-05-27 09:58:15', '2024-08-18 12:03:35', 1, 1, 0);
INSERT INTO `dish` VALUES (1397860242057375745, '脆皮烧鹅', 1397844391040167938, 12800.00, '123456786543213456', 'd92dd60f-7792-43b7-b5bd-c59e134c45fd.jpeg', '“广东烤鸭美而香，却胜烧鹅说古冈（今新会），燕瘦环肥各佳妙，君休偏重便宜坊”，可见烧鹅与烧鸭在粤菜之中已早负盛名。作为广州最普遍和最受欢迎的烧烤肉食，以它的“色泽金红，皮脆肉嫩，味香可口”的特色，在省城各大街小巷的烧卤店随处可见。', 1, 0, '2021-05-27 10:20:27', '2024-08-18 12:02:40', 1, 1, 0);
INSERT INTO `dish` VALUES (1397860578738352129, '白切鸡', 1397844391040167938, 6600.00, '12345678654', 'f9890809-70f3-466c-88f2-bbce6f035606.jpeg', '白切鸡是一道色香味俱全的特色传统名肴，又叫白斩鸡，是粤菜系鸡肴中的一种，始于清代的民间。白切鸡通常选用细骨农家鸡与沙姜、蒜茸等食材，慢火煮浸白切鸡皮爽肉滑，清淡鲜美。著名的泮溪酒家白切鸡，曾获商业部优质产品金鼎奖。湛江白切鸡更是驰名粤港澳。粤菜厨坛中，鸡的菜式有200余款之多，而最为人常食不厌的正是白切鸡，深受食家青睐。', 1, 0, '2021-05-27 10:21:48', '2024-08-18 12:02:20', 1, 1, 0);
INSERT INTO `dish` VALUES (1397860792492666881, '烤乳猪', 1397844391040167938, 38800.00, '213456432123456', '9c0aae2e-3ccb-4e2a-a783-66fe9f3c9e6b.jpg', '广式烧乳猪主料是小乳猪，辅料是蒜，调料是五香粉、芝麻酱、八角粉等，本菜品主要通过将食材放入炭火中烧烤而成。烤乳猪是广州最著名的特色菜，并且是“满汉全席”中的主打菜肴之一。烤乳猪也是许多年来广东人祭祖的祭品之一，是家家都少不了的应节之物，用乳猪祭完先人后，亲戚们再聚餐食用。', 1, 0, '2021-05-27 10:22:39', '2024-08-18 12:02:06', 1, 1, 0);
INSERT INTO `dish` VALUES (1397860963880316929, '脆皮乳鸽', 1397844391040167938, 10800.00, '1234563212345', '4759d503-3ec9-452c-80cd-85f61b13536f.jpeg', '“脆皮乳鸽”是广东菜中的一道传统名菜，属于粤菜系，具有皮脆肉嫩、色泽红亮、鲜香味美的特点，常吃可使身体强健，清肺顺气。随着菜品制作工艺的不断发展，逐渐形成了熟炸法、生炸法和烤制法三种制作方法。无论那种制作方法，都是在鸽子经过一系列的加工，挂脆皮水后再加工而成，正宗的“脆皮乳鸽皮脆肉嫩、色泽红亮、鲜香味美、香气馥郁。这三种方法的制作过程都不算复杂，但想达到理想的效果并不容易。', 1, 0, '2021-05-27 10:23:19', '2024-08-18 12:02:28', 1, 1, 0);
INSERT INTO `dish` VALUES (1397861683434139649, '清蒸河鲜海鲜', 1397844391040167938, 38800.00, '1234567876543213456', '37d5ade1-a3ef-4328-9d1f-64d446a85d24.jpeg', '新鲜的海鲜，清蒸是最好的处理方式。鲜，体会为什么叫海鲜。清蒸是广州最经典的烹饪手法，过去岭南地区由于峻山大岭阻隔，交通不便，经济发展起步慢，自家打的鱼放在锅里煮了就吃，没有太多的讲究，但却发现这清淡的煮法能使鱼的鲜甜跃然舌尖。', 1, 0, '2021-05-27 10:26:11', '2024-08-18 11:53:56', 1, 1, 0);
INSERT INTO `dish` VALUES (1397862198033297410, '老火靓汤', 1397844391040167938, 49800.00, '123456786532455', '31b2cca0-6958-4c43-ab16-3e85e947ecc1.jpg', '老火靓汤又称广府汤，是广府人传承数千年的食补养生秘方，慢火煲煮的中华老火靓汤，火候足，时间长，既取药补之效，又取入口之甘甜。 广府老火汤种类繁多，可以用各种汤料和烹调方法，烹制出各种不同口味、不同功效的汤来。', 1, 0, '2021-05-27 10:28:14', '2024-08-18 12:01:40', 1, 1, 0);

-- ----------------------------
-- Table structure for dish_flavor
-- ----------------------------
DROP TABLE IF EXISTS `dish_flavor`;
CREATE TABLE `dish_flavor`  (
  `id` bigint NOT NULL COMMENT '主键',
  `dish_id` bigint NOT NULL COMMENT '菜品',
  `name` varchar(64) CHARACTER SET utf8mb3 COLLATE utf8mb3_bin NOT NULL COMMENT '口味名称',
  `value` varchar(500) CHARACTER SET utf8mb3 COLLATE utf8mb3_bin NULL DEFAULT NULL COMMENT '口味数据list',
  `create_time` datetime NOT NULL COMMENT '创建时间',
  `update_time` datetime NOT NULL COMMENT '更新时间',
  `create_user` bigint NOT NULL COMMENT '创建人',
  `update_user` bigint NOT NULL COMMENT '修改人',
  `is_deleted` int NOT NULL DEFAULT 0 COMMENT '是否删除',
  PRIMARY KEY (`id`) USING BTREE
) ENGINE = InnoDB CHARACTER SET = utf8mb3 COLLATE = utf8mb3_bin COMMENT = '菜品口味关系表' ROW_FORMAT = Dynamic;

-- ----------------------------
-- Records of dish_flavor
-- ----------------------------
INSERT INTO `dish_flavor` VALUES (1397849417888346113, 1397849417854791681, '辣度', '[\"不辣\",\"微辣\",\"中辣\",\"重辣\"]', '2021-05-27 09:37:27', '2021-05-27 09:37:27', 1, 1, 0);
INSERT INTO `dish_flavor` VALUES (1397849739297861633, 1397849739276890114, '忌口', '[\"不要葱\",\"不要蒜\",\"不要香菜\",\"不要辣\"]', '2024-08-18 12:03:18', '2024-08-18 12:03:18', 1, 1, 0);
INSERT INTO `dish_flavor` VALUES (1397849739323027458, 1397849739276890114, '辣度', '[\"不辣\",\"微辣\",\"中辣\",\"重辣\"]', '2024-08-18 12:03:18', '2024-08-18 12:03:18', 1, 1, 0);
INSERT INTO `dish_flavor` VALUES (1397849936421761025, 1397849936404983809, '忌口', '[\"不要葱\",\"不要蒜\",\"不要香菜\",\"不要辣\"]', '2021-05-27 09:39:30', '2021-05-27 09:39:30', 1, 1, 0);
INSERT INTO `dish_flavor` VALUES (1397849936438538241, 1397849936404983809, '辣度', '[\"不辣\",\"微辣\",\"中辣\",\"重辣\"]', '2021-05-27 09:39:30', '2021-05-27 09:39:30', 1, 1, 0);
INSERT INTO `dish_flavor` VALUES (1397850141015715841, 1397850140982161409, '忌口', '[\"不要葱\",\"不要蒜\",\"不要香菜\",\"不要辣\"]', '2024-08-18 12:03:51', '2024-08-18 12:03:51', 1, 1, 0);
INSERT INTO `dish_flavor` VALUES (1397850141040881665, 1397850140982161409, '辣度', '[\"不辣\",\"微辣\",\"中辣\",\"重辣\"]', '2024-08-18 12:03:51', '2024-08-18 12:03:51', 1, 1, 0);
INSERT INTO `dish_flavor` VALUES (1397850392120307713, 1397850392090947585, '辣度', '[\"不辣\",\"微辣\",\"中辣\",\"重辣\"]', '2024-08-18 12:04:23', '2024-08-18 12:04:23', 1, 1, 0);
INSERT INTO `dish_flavor` VALUES (1397850392137084929, 1397850392090947585, '辣度', '[\"不辣\",\"微辣\",\"中辣\",\"重辣\"]', '2024-08-18 12:04:23', '2024-08-18 12:04:23', 1, 1, 0);
INSERT INTO `dish_flavor` VALUES (1397850630734262274, 1397850630700707841, '忌口', '[\"不要葱\",\"不要蒜\",\"不要香菜\",\"不要辣\"]', '2021-05-27 09:42:16', '2021-05-27 09:42:16', 1, 1, 0);
INSERT INTO `dish_flavor` VALUES (1397850630755233794, 1397850630700707841, '辣度', '[\"微辣\",\"中辣\",\"重辣\"]', '2021-05-27 09:42:16', '2021-05-27 09:42:16', 1, 1, 0);
INSERT INTO `dish_flavor` VALUES (1397850851274960898, 1397850851245600769, '忌口', '[\"不要蒜\",\"不要香菜\",\"不要辣\"]', '2024-08-18 12:04:34', '2024-08-18 12:04:34', 1, 1, 0);
INSERT INTO `dish_flavor` VALUES (1397850851283349505, 1397850851245600769, '辣度', '[\"不辣\",\"微辣\",\"中辣\",\"重辣\"]', '2024-08-18 12:04:34', '2024-08-18 12:04:34', 1, 1, 0);
INSERT INTO `dish_flavor` VALUES (1397851370483658754, 1397851370462687234, '温度', '[\"热饮\",\"常温\",\"去冰\",\"少冰\",\"多冰\"]', '2024-08-18 12:05:17', '2024-08-18 12:05:17', 1, 1, 0);
INSERT INTO `dish_flavor` VALUES (1397851370483658755, 1397851370462687234, '忌口', '[\"不要葱\",\"不要蒜\",\"不要香菜\",\"不要辣\"]', '2024-08-18 12:05:17', '2024-08-18 12:05:17', 1, 1, 0);
INSERT INTO `dish_flavor` VALUES (1397851370483658756, 1397851370462687234, '辣度', '[\"不辣\",\"微辣\",\"中辣\",\"重辣\"]', '2024-08-18 12:05:17', '2024-08-18 12:05:17', 1, 1, 0);
INSERT INTO `dish_flavor` VALUES (1397851668283437058, 1397851668262465537, '温度', '[\"热饮\",\"常温\",\"去冰\",\"少冰\",\"多冰\"]', '2024-08-18 12:05:06', '2024-08-18 12:05:06', 1, 1, 0);
INSERT INTO `dish_flavor` VALUES (1397852391180120065, 1397852391150759938, '忌口', '[\"不要葱\",\"不要香菜\",\"不要辣\"]', '2024-08-18 12:04:54', '2024-08-18 12:04:54', 1, 1, 0);
INSERT INTO `dish_flavor` VALUES (1397852391196897281, 1397852391150759938, '辣度', '[\"不辣\",\"微辣\",\"重辣\"]', '2024-08-18 12:04:54', '2024-08-18 12:04:54', 1, 1, 0);
INSERT INTO `dish_flavor` VALUES (1397853183307984898, 1397853183287013378, '辣度', '[\"不辣\",\"微辣\",\"中辣\",\"重辣\"]', '2024-08-18 12:04:13', '2024-08-18 12:04:13', 1, 1, 0);
INSERT INTO `dish_flavor` VALUES (1397853423486414850, 1397853423461249026, '辣度', '[\"不辣\",\"微辣\",\"中辣\",\"重辣\"]', '2021-05-27 09:53:22', '2021-05-27 09:53:22', 1, 1, 0);
INSERT INTO `dish_flavor` VALUES (1397853709126905857, 1397853709101740034, '忌口', '[\"不要葱\",\"不要蒜\",\"不要香菜\",\"不要辣\"]', '2024-08-18 12:04:03', '2024-08-18 12:04:03', 1, 1, 0);
INSERT INTO `dish_flavor` VALUES (1397853890283089922, 1397853890262118402, '辣度', '[\"不辣\",\"微辣\",\"中辣\",\"重辣\"]', '2024-08-18 12:02:58', '2024-08-18 12:02:58', 1, 1, 0);
INSERT INTO `dish_flavor` VALUES (1397854133632413697, 1397854133603053569, '温度', '[\"热饮\",\"常温\",\"去冰\",\"少冰\",\"多冰\"]', '2021-05-27 09:56:11', '2021-05-27 09:56:11', 1, 1, 0);
INSERT INTO `dish_flavor` VALUES (1397854652623007745, 1397854652581064706, '忌口', '[\"不要葱\",\"不要蒜\",\"不要香菜\",\"不要辣\"]', '2024-08-18 12:03:35', '2024-08-18 12:03:35', 1, 1, 0);
INSERT INTO `dish_flavor` VALUES (1397854652635590658, 1397854652581064706, '辣度', '[\"不辣\",\"微辣\",\"中辣\",\"重辣\"]', '2024-08-18 12:03:35', '2024-08-18 12:03:35', 1, 1, 0);
INSERT INTO `dish_flavor` VALUES (1397855742303186946, 1397855742273826817, '辣度', '[\"不辣\",\"微辣\",\"中辣\",\"重辣\"]', '2021-05-27 10:02:35', '2021-05-27 10:02:35', 1, 1, 0);
INSERT INTO `dish_flavor` VALUES (1397855906497605633, 1397855906468245506, '忌口', '[\"不要葱\",\"不要蒜\",\"不要香菜\",\"不要辣\"]', '2021-05-27 10:03:14', '2021-05-27 10:03:14', 1, 1, 0);
INSERT INTO `dish_flavor` VALUES (1397856190573621250, 1397856190540066818, '辣度', '[\"不辣\",\"微辣\",\"中辣\",\"重辣\"]', '2021-05-27 10:04:21', '2021-05-27 10:04:21', 1, 1, 0);
INSERT INTO `dish_flavor` VALUES (1397859056709316609, 1397859056684150785, '辣度', '[\"不辣\",\"微辣\",\"中辣\",\"重辣\"]', '2021-05-27 10:15:45', '2021-05-27 10:15:45', 1, 1, 0);
INSERT INTO `dish_flavor` VALUES (1397859277837217794, 1397859277812051969, '辣度', '[\"不辣\",\"微辣\",\"中辣\",\"重辣\"]', '2021-05-27 10:16:37', '2021-05-27 10:16:37', 1, 1, 0);
INSERT INTO `dish_flavor` VALUES (1397859487502086146, 1397859487476920321, '辣度', '[\"不辣\",\"微辣\",\"中辣\",\"重辣\"]', '2021-05-27 10:17:27', '2021-05-27 10:17:27', 1, 1, 0);
INSERT INTO `dish_flavor` VALUES (1397859757061615618, 1397859757036449794, '甜味', '[\"无糖\",\"少糖\",\"半躺\",\"多糖\",\"全糖\"]', '2021-05-27 10:18:32', '2021-05-27 10:18:32', 1, 1, 0);
INSERT INTO `dish_flavor` VALUES (1397860242086735874, 1397860242057375745, '辣度', '[\"不辣\",\"微辣\",\"中辣\",\"重辣\"]', '2024-08-18 12:02:40', '2024-08-18 12:02:40', 1, 1, 0);
INSERT INTO `dish_flavor` VALUES (1397860963918065665, 1397860963880316929, '辣度', '[\"不辣\",\"微辣\",\"中辣\",\"重辣\"]', '2024-08-18 12:02:28', '2024-08-18 12:02:28', 1, 1, 0);
INSERT INTO `dish_flavor` VALUES (1397861135754506242, 1397861135733534722, '甜味', '[\"无糖\",\"少糖\",\"半躺\",\"多糖\",\"全糖\"]', '2021-05-27 10:24:00', '2021-05-27 10:24:00', 1, 1, 0);
INSERT INTO `dish_flavor` VALUES (1397861370035744769, 1397861370010578945, '辣度', '[\"不辣\",\"微辣\",\"中辣\",\"重辣\"]', '2021-05-27 10:24:56', '2021-05-27 10:24:56', 1, 1, 0);
INSERT INTO `dish_flavor` VALUES (1397861683459305474, 1397861683434139649, '忌口', '[\"不要葱\",\"不要蒜\",\"不要香菜\",\"不要辣\"]', '2024-08-18 11:53:56', '2024-08-18 11:53:56', 1, 1, 0);
INSERT INTO `dish_flavor` VALUES (1397861898467717121, 1397861898438356993, '忌口', '[\"不要葱\",\"不要蒜\",\"不要香菜\",\"不要辣\"]', '2021-05-27 10:27:02', '2021-05-27 10:27:02', 1, 1, 0);
INSERT INTO `dish_flavor` VALUES (1397862198054268929, 1397862198033297410, '忌口', '[\"不要葱\",\"不要蒜\",\"不要香菜\",\"不要辣\"]', '2024-08-18 12:01:40', '2024-08-18 12:01:40', 1, 1, 0);
INSERT INTO `dish_flavor` VALUES (1398089545865015297, 1398089545676271617, '温度', '[\"热饮\",\"常温\",\"去冰\",\"少冰\",\"多冰\"]', '2021-05-28 01:31:38', '2021-05-28 01:31:38', 1, 1, 0);
INSERT INTO `dish_flavor` VALUES (1398089782323097601, 1398089782285348866, '辣度', '[\"不辣\",\"微辣\",\"中辣\",\"重辣\"]', '2021-05-28 01:32:34', '2021-05-28 01:32:34', 1, 1, 0);
INSERT INTO `dish_flavor` VALUES (1398090003262255106, 1398090003228700673, '忌口', '[\"不要葱\",\"不要蒜\",\"不要香菜\",\"不要辣\"]', '2021-05-28 01:33:27', '2021-05-28 01:33:27', 1, 1, 0);
INSERT INTO `dish_flavor` VALUES (1398090264554811394, 1398090264517062657, '忌口', '[\"不要葱\",\"不要蒜\",\"不要香菜\",\"不要辣\"]', '2021-05-28 01:34:29', '2021-05-28 01:34:29', 1, 1, 0);
INSERT INTO `dish_flavor` VALUES (1398090455399837698, 1398090455324340225, '辣度', '[\"不辣\",\"微辣\",\"中辣\",\"重辣\"]', '2021-05-28 01:35:14', '2021-05-28 01:35:14', 1, 1, 0);
INSERT INTO `dish_flavor` VALUES (1398090685449023490, 1398090685419663362, '温度', '[\"热饮\",\"常温\",\"去冰\",\"少冰\",\"多冰\"]', '2021-05-28 01:36:09', '2021-05-28 01:36:09', 1, 1, 0);
INSERT INTO `dish_flavor` VALUES (1398090825358422017, 1398090825329061889, '忌口', '[\"不要葱\",\"不要蒜\",\"不要香菜\",\"不要辣\"]', '2021-05-28 01:36:43', '2021-05-28 01:36:43', 1, 1, 0);
INSERT INTO `dish_flavor` VALUES (1398091007051476993, 1398091007017922561, '辣度', '[\"不辣\",\"微辣\",\"中辣\",\"重辣\"]', '2021-05-28 01:37:26', '2021-05-28 01:37:26', 1, 1, 0);
INSERT INTO `dish_flavor` VALUES (1398091296164851713, 1398091296131297281, '辣度', '[\"不辣\",\"微辣\",\"中辣\",\"重辣\"]', '2021-05-28 01:38:35', '2021-05-28 01:38:35', 1, 1, 0);
INSERT INTO `dish_flavor` VALUES (1398091546531246081, 1398091546480914433, '忌口', '[\"不要葱\",\"不要蒜\",\"不要香菜\",\"不要辣\"]', '2021-05-28 01:39:35', '2021-05-28 01:39:35', 1, 1, 0);
INSERT INTO `dish_flavor` VALUES (1398091729809747969, 1398091729788776450, '辣度', '[\"不辣\",\"微辣\",\"中辣\",\"重辣\"]', '2021-05-28 01:40:18', '2021-05-28 01:40:18', 1, 1, 0);
INSERT INTO `dish_flavor` VALUES (1398091889499484161, 1398091889449152513, '辣度', '[\"不辣\",\"微辣\",\"中辣\",\"重辣\"]', '2021-05-28 01:40:56', '2021-05-28 01:40:56', 1, 1, 0);
INSERT INTO `dish_flavor` VALUES (1398092095179763713, 1398092095142014978, '辣度', '[\"不辣\",\"微辣\",\"中辣\",\"重辣\"]', '2021-05-28 01:41:45', '2021-05-28 01:41:45', 1, 1, 0);
INSERT INTO `dish_flavor` VALUES (1398092283877306370, 1398092283847946241, '辣度', '[\"不辣\",\"微辣\",\"中辣\",\"重辣\"]', '2021-05-28 01:42:30', '2021-05-28 01:42:30', 1, 1, 0);
INSERT INTO `dish_flavor` VALUES (1398094018939236354, 1398094018893099009, '辣度', '[\"不辣\",\"微辣\",\"中辣\",\"重辣\"]', '2021-05-28 01:49:24', '2021-05-28 01:49:24', 1, 1, 0);
INSERT INTO `dish_flavor` VALUES (1398094391494094850, 1398094391456346113, '辣度', '[\"不辣\",\"微辣\",\"中辣\",\"重辣\"]', '2021-05-28 01:50:53', '2021-05-28 01:50:53', 1, 1, 0);
INSERT INTO `dish_flavor` VALUES (1399574026165727233, 1399305325713600514, '辣度', '[\"不辣\",\"微辣\",\"中辣\",\"重辣\"]', '2021-06-01 03:50:25', '2021-06-01 03:50:25', 1399309715396669441, 1399309715396669441, 0);
INSERT INTO `dish_flavor` VALUES (1825018262618271745, 1397861683434139649, '辣度', '[\"不辣\",\"微辣\",\"中辣\",\"重辣\"]', '2024-08-18 11:53:56', '2024-08-18 11:53:56', 1, 1, 0);

-- ----------------------------
-- Table structure for employee
-- ----------------------------
DROP TABLE IF EXISTS `employee`;
CREATE TABLE `employee`  (
  `id` bigint NOT NULL COMMENT '主键',
  `name` varchar(32) CHARACTER SET utf8mb3 COLLATE utf8mb3_bin NOT NULL COMMENT '姓名',
  `username` varchar(32) CHARACTER SET utf8mb3 COLLATE utf8mb3_bin NOT NULL COMMENT '用户名',
  `password` varchar(64) CHARACTER SET utf8mb3 COLLATE utf8mb3_bin NOT NULL COMMENT '密码',
  `phone` varchar(11) CHARACTER SET utf8mb3 COLLATE utf8mb3_bin NOT NULL COMMENT '手机号',
  `sex` varchar(2) CHARACTER SET utf8mb3 COLLATE utf8mb3_bin NOT NULL COMMENT '性别',
  `id_number` varchar(18) CHARACTER SET utf8mb3 COLLATE utf8mb3_bin NOT NULL COMMENT '身份证号',
  `status` int NOT NULL DEFAULT 1 COMMENT '状态 0:禁用，1:正常',
  `create_time` datetime NOT NULL COMMENT '创建时间',
  `update_time` datetime NOT NULL COMMENT '更新时间',
  `create_user` bigint NOT NULL COMMENT '创建人',
  `update_user` bigint NOT NULL COMMENT '修改人',
  PRIMARY KEY (`id`) USING BTREE,
  UNIQUE INDEX `idx_username`(`username` ASC) USING BTREE
) ENGINE = InnoDB CHARACTER SET = utf8mb3 COLLATE = utf8mb3_bin COMMENT = '员工信息' ROW_FORMAT = Dynamic;

-- ----------------------------
-- Records of employee
-- ----------------------------
INSERT INTO `employee` VALUES (1, '管理员', 'admin', 'e10adc3949ba59abbe56e057f20f883e', '13812312312', '1', '110101199001010047', 1, '2021-05-06 17:20:07', '2024-08-03 22:00:02', 1, 1);
INSERT INTO `employee` VALUES (1824726354943741954, '门广义', 'men', 'e10adc3949ba59abbe56e057f20f883e', '13589521456', '1', '654120233210245522', 1, '2024-08-17 16:33:59', '2024-08-17 16:43:13', 1, 1);

-- ----------------------------
-- Table structure for order_detail
-- ----------------------------
DROP TABLE IF EXISTS `order_detail`;
CREATE TABLE `order_detail`  (
  `id` bigint NOT NULL COMMENT '主键',
  `name` varchar(50) CHARACTER SET utf8mb3 COLLATE utf8mb3_bin NULL DEFAULT NULL COMMENT '名字',
  `image` varchar(100) CHARACTER SET utf8mb3 COLLATE utf8mb3_bin NULL DEFAULT NULL COMMENT '图片',
  `order_id` bigint NOT NULL COMMENT '订单id',
  `dish_id` bigint NULL DEFAULT NULL COMMENT '菜品id',
  `setmeal_id` bigint NULL DEFAULT NULL COMMENT '套餐id',
  `dish_flavor` varchar(50) CHARACTER SET utf8mb3 COLLATE utf8mb3_bin NULL DEFAULT NULL COMMENT '口味',
  `number` int NOT NULL DEFAULT 1 COMMENT '数量',
  `amount` decimal(10, 2) NOT NULL COMMENT '金额',
  PRIMARY KEY (`id`) USING BTREE
) ENGINE = InnoDB CHARACTER SET = utf8mb3 COLLATE = utf8mb3_bin COMMENT = '订单明细表' ROW_FORMAT = Dynamic;

-- ----------------------------
-- Records of order_detail
-- ----------------------------
INSERT INTO `order_detail` VALUES (1824019047570112514, '狮子', '4118ba15-0851-4c12-aa36-579a834caf53.jpg', 1824019047507197953, 1823954340712742913, NULL, '不要蒜,微辣', 1, 111.00);
INSERT INTO `order_detail` VALUES (1824442093665689601, '口味蛇', '0f4bd884-dc9c-4cf9-b59e-7d5958fec3dd.jpg', 1824442093598580737, 1397851668262465537, NULL, '去冰', 1, 168.00);
INSERT INTO `order_detail` VALUES (1824442199722860546, '邵阳猪血丸子', '2a50628e-7758-4c51-9fbb-d37c61cdacad.jpg', 1824442199722860545, 1397851370462687234, NULL, '多冰,不要辣,中辣', 1, 138.00);
INSERT INTO `order_detail` VALUES (1824442819179618306, '口味蛇', '0f4bd884-dc9c-4cf9-b59e-7d5958fec3dd.jpg', 1824442819179618305, 1397851668262465537, NULL, '去冰', 1, 168.00);
INSERT INTO `order_detail` VALUES (1824664625358503938, '狮子', '4118ba15-0851-4c12-aa36-579a834caf53.jpg', 1824664625358503937, 1823954340712742913, NULL, '不要蒜,微辣', 1, 111.00);
INSERT INTO `order_detail` VALUES (1824666077229400066, '狮子', '4118ba15-0851-4c12-aa36-579a834caf53.jpg', 1824666077229400065, 1823954340712742913, NULL, '不要蒜,微辣', 1, 111.00);
INSERT INTO `order_detail` VALUES (1824670502614413315, '狮子', '4118ba15-0851-4c12-aa36-579a834caf53.jpg', 1824670502614413314, 1823954340712742913, NULL, '不要蒜,微辣', 1, 111.00);
INSERT INTO `order_detail` VALUES (1824671252455305219, '狮子', '4118ba15-0851-4c12-aa36-579a834caf53.jpg', 1824671252455305218, 1823954340712742913, NULL, '不要蒜,微辣', 1, 111.00);
INSERT INTO `order_detail` VALUES (1825848246274555905, '辣子鸡', '6cff5a21-4262-4f35-9657-800282d18ee6.jpg', 1825848246220029953, 1397849739276890114, NULL, '不要蒜,中辣', 1, 78.00);
INSERT INTO `order_detail` VALUES (1825848246274555906, '组庵鱼翅', 'a58c4c01-41eb-4d2e-a00e-1fbd60de79a8.jpg', 1825848246220029953, 1397850392090947585, NULL, '微辣,中辣', 1, 48.00);
INSERT INTO `order_detail` VALUES (1826136147411488770, '口味蛇', '0f4bd884-dc9c-4cf9-b59e-7d5958fec3dd.jpg', 1826136147335991297, 1397851668262465537, NULL, '去冰', 1, 168.00);
INSERT INTO `order_detail` VALUES (1826139412467462147, '辣子鸡', '6cff5a21-4262-4f35-9657-800282d18ee6.jpg', 1826139412467462146, 1397849739276890114, NULL, '不要辣,微辣', 1, 78.00);

-- ----------------------------
-- Table structure for orders
-- ----------------------------
DROP TABLE IF EXISTS `orders`;
CREATE TABLE `orders`  (
  `id` bigint NOT NULL COMMENT '主键',
  `number` varchar(50) CHARACTER SET utf8mb3 COLLATE utf8mb3_bin NULL DEFAULT NULL COMMENT '订单号',
  `status` int NOT NULL DEFAULT 1 COMMENT '订单状态 1待付款，2待派送，3已派送，4已完成，5已取消',
  `user_id` bigint NOT NULL COMMENT '下单用户',
  `address_book_id` bigint NOT NULL COMMENT '地址id',
  `order_time` datetime NOT NULL COMMENT '下单时间',
  `checkout_time` datetime NOT NULL COMMENT '结账时间',
  `pay_method` int NOT NULL DEFAULT 1 COMMENT '支付方式 1微信,2支付宝',
  `amount` decimal(10, 2) NOT NULL COMMENT '实收金额',
  `remark` varchar(100) CHARACTER SET utf8mb3 COLLATE utf8mb3_bin NULL DEFAULT NULL COMMENT '备注',
  `phone` varchar(255) CHARACTER SET utf8mb3 COLLATE utf8mb3_bin NULL DEFAULT NULL,
  `address` varchar(255) CHARACTER SET utf8mb3 COLLATE utf8mb3_bin NULL DEFAULT NULL,
  `user_name` varchar(255) CHARACTER SET utf8mb3 COLLATE utf8mb3_bin NULL DEFAULT NULL,
  `consignee` varchar(255) CHARACTER SET utf8mb3 COLLATE utf8mb3_bin NULL DEFAULT NULL,
  PRIMARY KEY (`id`) USING BTREE
) ENGINE = InnoDB CHARACTER SET = utf8mb3 COLLATE = utf8mb3_bin COMMENT = '订单表' ROW_FORMAT = Dynamic;

-- ----------------------------
-- Records of orders
-- ----------------------------
INSERT INTO `orders` VALUES (1824019047507197953, '1824019047507197953', 4, 1823578824453267457, 1823601787621797890, '2024-08-15 17:43:24', '2024-08-15 17:43:24', 1, 111.00, '', '13627635427', '123123123', NULL, '1');
INSERT INTO `orders` VALUES (1824442093598580737, '1824442093598580737', 4, 1823578824453267457, 1823601787621797890, '2024-08-16 21:44:26', '2024-08-16 21:44:26', 1, 168.00, '', '13627635427', '123123123', NULL, '1');
INSERT INTO `orders` VALUES (1824442199722860545, '1824442199722860545', 4, 1823578824453267457, 1823601787621797890, '2024-08-16 21:44:52', '2024-08-16 21:44:52', 1, 138.00, '', '13627635427', '123123123', NULL, '1');
INSERT INTO `orders` VALUES (1824442819179618305, '1824442819179618305', 4, 1823578824453267457, 1823601787621797890, '2024-08-16 21:47:19', '2024-08-16 21:47:19', 1, 168.00, '', '13627635427', '123123123', NULL, '1');
INSERT INTO `orders` VALUES (1824664625358503937, '1824664625358503937', 4, 1823578824453267457, 1823601787621797890, '2024-08-17 12:28:42', '2024-08-17 12:28:42', 1, 111.00, '', '13627635427', '123123123', NULL, '1');
INSERT INTO `orders` VALUES (1824666077229400065, '1824666077229400065', 4, 1823578824453267457, 1823601787621797890, '2024-08-17 12:34:28', '2024-08-17 12:34:28', 1, 111.00, '', '13627635427', '123123123', NULL, '1');
INSERT INTO `orders` VALUES (1824670502614413314, '1824670502614413314', 4, 1823578824453267457, 1823601787621797890, '2024-08-17 12:52:03', '2024-08-17 12:52:03', 1, 111.00, '', '13627635427', '123123123', NULL, '1');
INSERT INTO `orders` VALUES (1824671252455305218, '1824671252455305218', 4, 1823578824453267457, 1823601787621797890, '2024-08-17 12:55:02', '2024-08-17 12:55:02', 1, 111.00, '', '13627635427', '123123123', NULL, '1');
INSERT INTO `orders` VALUES (1826136147335991297, '1826136147335991297', 4, 1823578824453267457, 1825833978187644929, '2024-08-21 13:56:00', '2024-08-21 13:56:00', 1, 168.00, '', '13675289467', '沈阳理工大学', NULL, '门广义');
INSERT INTO `orders` VALUES (1826139412467462146, '1826139412467462146', 2, 1823578824453267457, 1825833978187644929, '2024-08-21 14:08:59', '2024-08-21 14:08:59', 1, 78.00, '', '13675289467', '沈阳理工大学', NULL, '门广义');

-- ----------------------------
-- Table structure for setmeal
-- ----------------------------
DROP TABLE IF EXISTS `setmeal`;
CREATE TABLE `setmeal`  (
  `id` bigint NOT NULL COMMENT '主键',
  `category_id` bigint NOT NULL COMMENT '菜品分类id',
  `name` varchar(64) CHARACTER SET utf8mb3 COLLATE utf8mb3_bin NOT NULL COMMENT '套餐名称',
  `price` decimal(10, 2) NOT NULL COMMENT '套餐价格',
  `status` int NULL DEFAULT NULL COMMENT '状态 0:停用 1:启用',
  `code` varchar(32) CHARACTER SET utf8mb3 COLLATE utf8mb3_bin NULL DEFAULT NULL COMMENT '编码',
  `description` varchar(512) CHARACTER SET utf8mb3 COLLATE utf8mb3_bin NULL DEFAULT NULL COMMENT '描述信息',
  `image` varchar(255) CHARACTER SET utf8mb3 COLLATE utf8mb3_bin NULL DEFAULT NULL COMMENT '图片',
  `create_time` datetime NOT NULL COMMENT '创建时间',
  `update_time` datetime NOT NULL COMMENT '更新时间',
  `create_user` bigint NOT NULL COMMENT '创建人',
  `update_user` bigint NOT NULL COMMENT '修改人',
  `is_deleted` int NOT NULL DEFAULT 0 COMMENT '是否删除',
  PRIMARY KEY (`id`) USING BTREE,
  UNIQUE INDEX `idx_setmeal_name`(`name` ASC) USING BTREE
) ENGINE = InnoDB CHARACTER SET = utf8mb3 COLLATE = utf8mb3_bin COMMENT = '套餐' ROW_FORMAT = Dynamic;

-- ----------------------------
-- Records of setmeal
-- ----------------------------
INSERT INTO `setmeal` VALUES (1823661731700174850, 1413342269393674242, '商务套餐A', 32100.00, 1, '', '', 'a560e480-0280-48ea-8089-917edf12871d.jpg', '2024-08-14 18:03:33', '2024-08-18 18:32:11', 1, 1, 0);
INSERT INTO `setmeal` VALUES (1823661974864949250, 1413386191767674881, '儿童套餐A', 12300.00, 1, '', '', '061c74d9-603e-4960-91bc-ad0ed2692ad4.jpg', '2024-08-14 18:04:31', '2024-08-18 19:17:17', 1, 1, 0);
INSERT INTO `setmeal` VALUES (1825129752000176130, 1824735202140127234, '豪华套餐A', 253200.00, 1, '', '', '36e897de-8a3d-43ae-8354-f04dcb102643.jpg', '2024-08-18 19:16:57', '2024-08-18 19:17:17', 1, 1, 0);

-- ----------------------------
-- Table structure for setmeal_dish
-- ----------------------------
DROP TABLE IF EXISTS `setmeal_dish`;
CREATE TABLE `setmeal_dish`  (
  `id` bigint NOT NULL COMMENT '主键',
  `setmeal_id` varchar(32) CHARACTER SET utf8mb3 COLLATE utf8mb3_bin NOT NULL COMMENT '套餐id ',
  `dish_id` varchar(32) CHARACTER SET utf8mb3 COLLATE utf8mb3_bin NOT NULL COMMENT '菜品id',
  `name` varchar(32) CHARACTER SET utf8mb3 COLLATE utf8mb3_bin NULL DEFAULT NULL COMMENT '菜品名称 （冗余字段）',
  `price` decimal(10, 2) NULL DEFAULT NULL COMMENT '菜品原价（冗余字段）',
  `copies` int NOT NULL COMMENT '份数',
  `sort` int NOT NULL DEFAULT 0 COMMENT '排序',
  `create_time` datetime NOT NULL COMMENT '创建时间',
  `update_time` datetime NOT NULL COMMENT '更新时间',
  `create_user` bigint NOT NULL COMMENT '创建人',
  `update_user` bigint NOT NULL COMMENT '修改人',
  `is_deleted` int NOT NULL DEFAULT 0 COMMENT '是否删除',
  PRIMARY KEY (`id`) USING BTREE
) ENGINE = InnoDB CHARACTER SET = utf8mb3 COLLATE = utf8mb3_bin COMMENT = '套餐菜品关系' ROW_FORMAT = Dynamic;

-- ----------------------------
-- Records of setmeal_dish
-- ----------------------------
INSERT INTO `setmeal_dish` VALUES (1825118488557494274, '1823661731700174850', '1397849739276890114', '辣子鸡', 7800.00, 1, 0, '2024-08-18 18:32:11', '2024-08-18 18:32:11', 1, 1, 0);
INSERT INTO `setmeal_dish` VALUES (1825124986025144321, '1823661974864949250', '1397851668262465537', '口味蛇', 16800.00, 1, 0, '2024-08-18 18:58:01', '2024-08-18 18:58:01', 1, 1, 0);
INSERT INTO `setmeal_dish` VALUES (1825124986025144322, '1823661974864949250', '1397851370462687234', '邵阳猪血丸子', 13800.00, 1, 0, '2024-08-18 18:58:01', '2024-08-18 18:58:01', 1, 1, 0);
INSERT INTO `setmeal_dish` VALUES (1825124986025144323, '1823661974864949250', '1397851099502260226', '全家福', 11800.00, 1, 0, '2024-08-18 18:58:01', '2024-08-18 18:58:01', 1, 1, 0);
INSERT INTO `setmeal_dish` VALUES (1825129752046313474, '1825129752000176130', '1397849739276890114', '辣子鸡', 7800.00, 1, 0, '2024-08-18 19:16:57', '2024-08-18 19:16:57', 1, 1, 0);
INSERT INTO `setmeal_dish` VALUES (1825129752113422338, '1825129752000176130', '1397850140982161409', '毛氏红烧肉', 6800.00, 1, 0, '2024-08-18 19:16:57', '2024-08-18 19:16:57', 1, 1, 0);
INSERT INTO `setmeal_dish` VALUES (1825129752113422339, '1825129752000176130', '1397850392090947585', '组庵鱼翅', 4800.00, 1, 0, '2024-08-18 19:16:57', '2024-08-18 19:16:57', 1, 1, 0);
INSERT INTO `setmeal_dish` VALUES (1825129752113422340, '1825129752000176130', '1397850851245600769', '霸王别姬', 12800.00, 1, 0, '2024-08-18 19:16:57', '2024-08-18 19:16:57', 1, 1, 0);
INSERT INTO `setmeal_dish` VALUES (1825129752113422341, '1825129752000176130', '1397851370462687234', '邵阳猪血丸子', 13800.00, 1, 0, '2024-08-18 19:16:57', '2024-08-18 19:16:57', 1, 1, 0);
INSERT INTO `setmeal_dish` VALUES (1825129752113422342, '1825129752000176130', '1397851668262465537', '口味蛇', 16800.00, 1, 0, '2024-08-18 19:16:57', '2024-08-18 19:16:57', 1, 1, 0);

-- ----------------------------
-- Table structure for shopping_cart
-- ----------------------------
DROP TABLE IF EXISTS `shopping_cart`;
CREATE TABLE `shopping_cart`  (
  `id` bigint NOT NULL COMMENT '主键',
  `name` varchar(50) CHARACTER SET utf8mb3 COLLATE utf8mb3_bin NULL DEFAULT NULL COMMENT '名称',
  `image` varchar(100) CHARACTER SET utf8mb3 COLLATE utf8mb3_bin NULL DEFAULT NULL COMMENT '图片',
  `user_id` bigint NOT NULL COMMENT '主键',
  `dish_id` bigint NULL DEFAULT NULL COMMENT '菜品id',
  `setmeal_id` bigint NULL DEFAULT NULL COMMENT '套餐id',
  `dish_flavor` varchar(50) CHARACTER SET utf8mb3 COLLATE utf8mb3_bin NULL DEFAULT NULL COMMENT '口味',
  `number` int NOT NULL DEFAULT 1 COMMENT '数量',
  `amount` decimal(10, 2) NOT NULL COMMENT '金额',
  `create_time` datetime NULL DEFAULT NULL COMMENT '创建时间',
  PRIMARY KEY (`id`) USING BTREE
) ENGINE = InnoDB CHARACTER SET = utf8mb3 COLLATE = utf8mb3_bin COMMENT = '购物车' ROW_FORMAT = Dynamic;

-- ----------------------------
-- Records of shopping_cart
-- ----------------------------
INSERT INTO `shopping_cart` VALUES (1826139468604026881, '霸王别姬', 'c6ca294f-cde3-4ea1-8d67-0ce25c63815d.jpg', 1823578824453267457, 1397850851245600769, NULL, '不要香菜,中辣', 1, 128.00, '2024-08-21 14:09:12');

-- ----------------------------
-- Table structure for user
-- ----------------------------
DROP TABLE IF EXISTS `user`;
CREATE TABLE `user`  (
  `id` bigint NOT NULL COMMENT '主键',
  `name` varchar(50) CHARACTER SET utf8mb3 COLLATE utf8mb3_bin NULL DEFAULT NULL COMMENT '姓名',
  `phone` varchar(100) CHARACTER SET utf8mb3 COLLATE utf8mb3_bin NOT NULL COMMENT '手机号',
  `sex` varchar(2) CHARACTER SET utf8mb3 COLLATE utf8mb3_bin NULL DEFAULT NULL COMMENT '性别',
  `id_number` varchar(18) CHARACTER SET utf8mb3 COLLATE utf8mb3_bin NULL DEFAULT NULL COMMENT '身份证号',
  `avatar` varchar(500) CHARACTER SET utf8mb3 COLLATE utf8mb3_bin NULL DEFAULT NULL COMMENT '头像',
  `status` int NULL DEFAULT 0 COMMENT '状态 0:禁用，1:正常',
  PRIMARY KEY (`id`) USING BTREE
) ENGINE = InnoDB CHARACTER SET = utf8mb3 COLLATE = utf8mb3_bin COMMENT = '用户信息' ROW_FORMAT = Dynamic;

-- ----------------------------
-- Records of user
-- ----------------------------
INSERT INTO `user` VALUES (1823578824453267457, NULL, '2450598374@qq.com', NULL, NULL, NULL, 0);

SET FOREIGN_KEY_CHECKS = 1;
